mysql-cluster-7.2 (7.2.13+dfsg-3) stable; urgency=low

  * separate users for sql/mgmt/data nodes
  * tweaks to init.d script

 -- Steven Ayre <steveayre@gmail.com>  Mon, 08 Jul 2013 22:50:12 +0100

mysql-cluster-7.2 (7.2.13+dfsg-2) unstable; urgency=low

  * Updated debian/control dependancy fields

 -- Steven Ayre <steveayre@gmail.com>  Wed, 26 Jun 2013 11:32:23 +0100

mysql-cluster-7.2 (7.2.13+dfsg-1) unstable; urgency=low

  * New upstream version

 -- Steven Ayre <steveayre@gmail.com>  Tue, 25 Jun 2013 10:18:23 +0100

mysql-cluster-7.2 (7.2.12+dfsg-1) unstable; urgency=low

  * New upstream version

 -- Steven Ayre <steveayre@gmail.com>  Wed, 10 Apr 2013 13:56:32 +0100

mysql-cluster-7.2 (7.2.10+dfsg-1) unstable; urgency=low

  * New upstream version

 -- Steven Ayre <steveayre@gmail.com>  Mon, 07 Jan 2013 14:50:21 +0000

mysql-cluster-7.2 (7.2.8+dfsg-1) unstable; urgency=low

  * New upstream version

 -- Steven Ayre <steveayre@gmail.com>  Wed, 10 Oct 2012 22:54:00 +0100

mysql-cluster-7.2 (7.2.7+dfsg-1) unstable; urgency=low

  * New upstream version

 -- Steven Ayre <steveayre@gmail.com>  Tue, 28 Aug 2012 22:49:13 +0100

mysql-cluster-7.2 (7.2.6+dfsg-2) unstable; urgency=low

  * Fix compile error with gcc-4.7
  * Use gcc-4.4 on hurd
  * Remove obsolete patches, additions, libmysqlclient and mysql-client
    packages
  * Revised the disabled test lists

 -- Steven Ayre <steveayre@gmail.com>  Wed, 27 Jun 2012 12:58:23 +0100

mysql-cluster-7.2 (7.2.6+dfsg-1) unstable; urgency=low

  * Initial release (Closes #560244)

 -- Steven Ayre <steveayre@gmail.com>  Tue, 26 Jun 2012 11:45:32 +0100

